#,Keywords,URL,Meta Title,Meta Description,Anchor Tag,BB Tags
1,travel agency in dubai,,,,,
2,best travel agency in dubai,,,,,
3,tourism companies in dubai,,,,,
4,top 10 travel agencies in dubai 2020,,,,,
5,travel and tours in dubai,,,,,
6,list of travel and tourism companies in dubai,,,,,
7,list of tourism companies in dubai,,,,,
8,travel agent for dubai trip,,,,,
9,best travel agency for dubai,,,,,
10,dubai specialist travel agents,,,,,
11,travel agency in dubai 24 hours,,,,,
12,dubai escorted,,,,,
13,dubai tour package,,,,,
14,dubai tour,,,,,
15,dubai holiday package,,,,,
16,trip advisor dubai,,,,,
17,desert safari dubai,,,,,
18,dubai safari,,,,,
19,dubai tour,,,,,
20,dubai cruise,,,,,
21,dhow cruise dubai,,,,,
22,dhow cruise dubai marina,,,,,
23,cruise from dubai,,,,,
24,cruise dinner dubai,,,,,
25,dhow cruise marina,,,,,
26,dubai marina cruise,,,,,
27,dubai marina dinner cruise,,,,,
28,boat tour dubai,,,,,
29,dubai yacht tour,,,,,
30,dubai yellow boats,,,,,
31,dubai safari tour,,,,,
32,holiday packages,,,,,
33,dubai tour attractions,,,,,
34,dubai desert tour,,,,,
35,top tourism companies in dubai,,,,,
36,massage center.,,,,,
37,massage center near to me,,,,,
38,massagecenter near me,,,,,
39,massage therapy center,,,,,
40,malls in dubai,,,,,
41,dubai safari park,,,,,
42,things to do in dubai,,,,,
43,dubai marina,,,,,
44,grand hyatt dubai,,,,,
45,booking dubai,,,,,
46,nikki beach dubai,,,,,
47,anantara the palm dubai resort,,,,,
48,fairmont the palm,,,,,
49,places to visit in dubai,,,,,
50,zero gravity dubai,,,,,
51,dubai water park,,,,,
52,dubai hotel booking,,,,,
53,dubai skydiving,,,,,
54,museum of the future dubai,,,,,
55,dubai outlet village,,,,,
56,bluewaters island,,,,,
57,sky view dubai,,,,,
58,deluxe experience,,,,,
59,main attractions in dubai,,,,,
60,dolphinarium dubai,,,,,
61,dubai night club,,,,,
62,clubs near me,,,,,
63,night clubs near me,,,,,
64,dubai nightlife,,,,,
65,night clubs,,,,,
66,nikki beach dubai,,,,,
67,"white dubai",,,,,
68,beach club dubai,,,,,
69,night clubs in dubai,,,,,
70,clubs in dubai,,,,,
71,travel agency in dubai deira,,,,,
72,places to visit in dubai,,,,,
73,dubai tourist attractions,,,,,
74,famous places in dubai,,,,,
75,dubai underwater hotel,,,,,
76,dubai united arab emirates,,,,,
77,malls in dubai,,,,,
78,tourist in dubai,,,,,
79,best time to visit dubai,,,,,
80,dubai united arab emirates,,,,,
,dubai travel agents in dubai,,,,,
,travel agent for dubai trip,,,,,
,dubai specialist travel agents,,,,,
,travel agents for dubai packages,,,,,
,travel agencies in kenya to dubai,,,,,
,cozmo travels karama,,,,,
,riya travel dubai,,,,,
,tabeer travel agency dubai,,,,,
,sharaf travel dubai,,,,,
,travel agency hiring in dubai,,,,,
,best travel agency in dubai,,,,,
,best travel agency for dubai,,,,,
,good travel agency in dubai,,,,,
,best tour agency in dubai,,,,,
,best travel companies in dubai,,,,,
,top 10 travel agencies in dubai,,,,,
,top 10 travel companies in dubai,,,,,
,top ten travel agency in dubai,,,,,
,deira travel and tourist agency,,,,,
,places to visit in dubai,,,,,
,things to see in dubai,,,,,
,dubai tourist places,,,,,
,to do in dubai,,,,,
,things to see and do in dubai,,,,,
,places to go out in dubai,,,,,
,places to visit in dubai for free,,,,,
,things to do in dubai for free,,,,,
,places to go in dubai for free,,,,,
,spa in dubai,,,,,
,home massage dubai,,,,,
,nikki beach spa dubai,,,,,
,lavana spa dubai,,,,,
,ruspa ukrainian and european massage al barsha,,,,,
,lavana spa al barsha,,,,,
,cora spa massage center sheikh zayed road dubai,,,,,
,ajman fish market,,,,,
,ajman museum,,,,,
,ajman shopping mall,,,,,
,fun city safeer mall ajman,,,,,
,places in fujairah,,,,,
,snoopy island fujairah,,,,,
,friday market fujairah,,,,,
,fujairah fort,,,,,
,fujairah fort fujairah,,,,,
,fujairah heritage village,,,,,
,adventure park fujairah,,,,,
,al hayl castle fujairah,,,,,
,beach camping in fujairah,,,,,
,best beach fujairah,,,,,
,best mandi in fujairah,,,,,
,cafes in fujairah,,,,,
,camping in fujairah,,,,,
,camping places in fujairah,,,,,
,camping site in fujairah,,,,,
,camping spots in fujairah,,,,,
,fujairah beach camping,,,,,
,fujairah camping beach,,,,,
,fujairah camping site,,,,,
,fujairah camping spot,,,,,
,things to do in ras al khaimah,,,,,
,places to visit in ras al khaimah,,,,,
,ras al khaimah tourist places,,,,,
,ras al khaimah best place to visit,,,,,
,ras al khaimah ghost town,,,,,
,10 things to do in ras al khaimah,,,,,
,best attractions in ras al khaimah,,,,,
,best place to eat in ras al khaimah,,,,,
,ghost town in ras al khaimah,,,,,
,haunted places in ras al khaimah,,,,,
,new attraction in ras al khaimah,,,,,
,nice place to visit in ras al khaimah,,,,,
,places to eat in rak,,,,,
,al alain uae,,,,,
,alain in uae,,,,,
,things to do in al ain,,,,,
,shopping mall in al ain,,,,,
,al ain farm visit,,,,,
,"al ain green mubazzarah park
",,,,,
,al ain hili fun city ticket price,,,,,
,al ain mubazzarah park,,,,,
,al ain tourist places free,,,,,
,alain fun city ticket price,,,,,
,bawadi mall al ain location,,,,,
,al ain camping site,,,,,
,al ain camel market opening hours,,,,,
,yas beach abu dhabi,,,,,
,emirates heritage village abu dhabi,,,,,
,qasr al hosn fort,,,,,
,places to visit in abu dhabi for free,,,,,
,hidden gems in abu dhabi,,,,,
,abu dhabi top things to do,,,,,
,visiting places abu dhabi,,,,,
,abu dhabi at night,,,,,
,best bar in abu dhabi,,,,,
,top sights in abu dhabi,,,,,
,abu dhabi camping,,,,,
,abu dhabi camping site,,,,,
,abu dhabi cheap shopping,,,,,
,abu dhabi mushrif park,,,,,
,abu dhabi view point,,,,,
,al mina fish market,,,,,
,beach in abu dhabi free,,,,,
,best souk abu dhabi,,,,,
,best souk in abu dhabi,,,,,
,camping spot in abu dhabi,,,,,
,cheapest market in abu dhabi,,,,,
,hameem beach abu dhabi,,,,,
,hili archaeological park abu dhabi,,,,,
,jazz bar abu dhabi,,,,,
,mad yas island nightclub abu dhabi,,,,,
,mushrif park abu dhabi,,,,,
,wathba salt lake,,,,,
,national park sharjah,,,,,
,sharjah aquarium sharjah,,,,,
,sharjah national park sharjah,,,,,
,al noor island sharjah,,,,,
,places to visit in sharjah for free,,,,,
,sharjah aquarium tickets,,,,,
,al khan beach sharjah,,,,,
,arabian wildlife center sharjah,,,,,
,best restaurant in sharjah,,,,,
,cafe in sharjah,,,,,
,classic cars museum sharjah,,,,,
,khorfakkan beach sharjah,,,,,
,sharjah fish market,,,,,
,sharjah shopping mall,,,,,
,ticket sharjah aquarium,,,,,
,places to visit in sharjah for free with family,,,,,
,al mamzar beach park sharjah,,,,,
,al mamzar park sharjah,,,,,
,al noor island bridge,,,,,
,best breakfast in sharjah,,,,,
,best beach in sharjah,,,,,
,barasti nightclub dubai,,,,,
,beach night club dubai,,,,,
,night club in dubai,,,,,
,zero gravity dubai,,,,,
,nammos dubai,,,,,
,bla bla dubai,,,,,
,summersalt dubai,,,,,
,barasti club dubai,,,,,
,zero gravity club dubai,,,,,
,jumeirah beach,,,,,
,dubai jumeirah beach,,,,,
,kite beach dubai,,,,,
,al mamzar beach,,,,,
,jumeirah beach dubai united arab emirates,,,,,
,palm jumeirah island,,,,,
,dubai rigga,,,,,
,kite beach dubai united arab emirates,,,,,
,centara mirage beach resort dubai,,,,,
,hilton dubai jumeirah,,,,,
,sofitel dubai jumeirah beach,,,,,
,hotel riu dubai,,,,,
,radisson beach resort palm jumeirah,,,,,
,roda amwaj suites jumeirah beach residence,,,,,
,doubletree by hilton dubai jumeirah beach,,,,,
,sofitel downtown dubai,,,,,
,one and only royal mirage dubai,,,,,
,westin dubai mina seyahi,,,,,
,four seasons resort dubai at jumeirah beach,,,,,
,"doubletree hilton dubai
",,,,,